Ref,Description,Value,Package,Qty,LCSC_PN,Notes
U1,LDO 3.3V,AMS1117-3.3,SOT-223,1,C6186,5V→3.3V电源 散热铜皮≥2cm²
U2,WiFi+BLE SoC,ESP32-S3-WROOM-1-N16R8,SMD-38P,1,C2913202,16MB Flash + 8MB Octal PSRAM
U3,级转换 4通道,74AHCT125,SOIC-14,1,C6082,3.3V→5V 风扇PWM电平转换
U4,温湿压传感器,BME280,LGA-8,1,C92489,I2C 地址0x76
LED1,RGB LED,WS2812B-2020,2020,1,C2761795,3.3V供电 状态指示
F1,PTC保险丝,MF-MSMF250-2 2A,SMD-1812,1,C17371,12V线路保护
F2,PTC保险丝,MF-MSMF100-2 1A,SMD-1812,1,C17370,5V线路保护
D1,肖特基二极管,SS34 3A/40V,SMA,1,C8678,12V防反接
D2,肖特基二极管,SS12 1A/20V,SMA,1,C2480,5V防反接
D3,TVS阵列,SRV05-4,SOT-363,1,C85972,USB D+/D- ESD保护
D4,TVS单向 5.1V,SMAJ5.1A,SMA,1,C131405,Fan1 Tach ESD
D5,TVS单向 5.1V,SMAJ5.1A,SMA,1,C131405,Fan2 Tach ESD
D6,TVS单向 5.1V,SMAJ5.1A,SMA,1,C131405,Fan3 Tach ESD
D7,TVS单向 5.1V,SMAJ5.1A,SMA,1,C131405,Fan4 Tach ESD
D8,TVS单向 3.6V,SMAJ3.6A,SMA,1,C8520,DS18B20 DQ ESD
J1,SATA 15Pin,SATA-15P-STRAIGHT,SATA_PWR,1,,SATA电源输入 直插式
J2,Type-C USB,USB-C-16P,SMD-16P,1,C165948,数据+编程接口
J3,4Pin风扇座,FAN-4PIN-2.54,THT-4P,1,,Fan1 PWM风扇接口
J4,4Pin风扇座,FAN-4PIN-2.54,THT-4P,1,,Fan2 PWM风扇接口
J5,4Pin风扇座,FAN-4PIN-2.54,THT-4P,1,,Fan3 PWM风扇接口
J6,4Pin风扇座,FAN-4PIN-2.54,THT-4P,1,,Fan4 PWM风扇接口
J7,3Pin接线端子,KF2510-3P,XH2.54-3P,1,,DS18B20探头接口1
J8,3Pin接线端子,KF2510-3P,XH2.54-3P,1,,DS18B20探头接口2
SW1,轻触按键,6×6×5mm,THT-4P,1,C318884,复位按键 (EN)
SW2,轻触按键,6×6×5mm,THT-4P,1,C318884,Boot模式按键 (IO0)
SW3,轻触按键,6×6×5mm,THT-4P,1,C318884,WiFi配网按键 (GPIO38)
R1,电阻 10kΩ,10K ±1%,0805,1,C17414,EN上拉
R2,电阻 10kΩ,10K ±1%,0805,1,C17414,IO0上拉
R3,电阻 5.1kΩ,5K1 ±1%,0805,1,C23186,USB CC1下拉
R4,电阻 5.1kΩ,5K1 ±1%,0805,1,C23186,USB CC2下拉
R5,电阻 100kΩ,100K ±1%,0805,1,C17516,VBUS分压上
R6,电阻 10kΩ,10K ±1%,0805,1,C17414,VBUS分压下
R7,电阻 100kΩ,100K ±1%,0805,1,C17516,12V ADC分压上 (修正版)
R8,电阻 20kΩ,20K ±1%,0805,1,C17431,12V ADC分压下 → Vout=2.0V @12V
R9,电阻 10kΩ,10K ±1%,0805,1,C17414,5V ADC分压上
R10,电阻 10kΩ,10K ±1%,0805,1,C17414,5V ADC分压下
R11,电阻 10kΩ,10K ±1%,0805,1,C17414,3.3V ADC分压上
R12,电阻 10kΩ,10K ±1%,0805,1,C17414,3.3V ADC分压下
R13,电阻 10kΩ,10K ±1%,0805,1,C17414,Fan1 Tach 5V上拉
R14,电阻 2.2kΩ,2K2 ±1%,0805,1,C17520,Fan1 Tach分压上
R15,电阻 3.3kΩ,3K3 ±1%,0805,1,C17521,Fan1 Tach分压下
R16,电阻 10kΩ,10K ±1%,0805,1,C17414,Fan2 Tach 5V上拉
R17,电阻 2.2kΩ,2K2 ±1%,0805,1,C17520,Fan2 Tach分压上
R18,电阻 3.3kΩ,3K3 ±1%,0805,1,C17521,Fan2 Tach分压下
R19,电阻 10kΩ,10K ±1%,0805,1,C17414,Fan3 Tach 5V上拉
R20,电阻 2.2kΩ,2K2 ±1%,0805,1,C17520,Fan3 Tach分压上
R21,电阻 3.3kΩ,3K3 ±1%,0805,1,C17521,Fan3 Tach分压下
R22,电阻 10kΩ,10K ±1%,0805,1,C17414,Fan4 Tach 5V上拉
R23,电阻 2.2kΩ,2K2 ±1%,0805,1,C17520,Fan4 Tach分压上
R24,电阻 3.3kΩ,3K3 ±1%,0805,1,C17521,Fan4 Tach分压下
R25,电阻 4.7kΩ,4K7 ±5%,0805,1,C23162,I2C SDA上拉
R26,电阻 4.7kΩ,4K7 ±5%,0805,1,C23162,I2C SCL上拉
R27,电阻 4.7kΩ,4K7 ±5%,0805,1,C23162,1-Wire DQ上拉
C1,电解电容 100uF,100uF/25V,THT-5mm,1,C438663,5V LDO输入去耦
C2,陶瓷电容 100nF,100nF/25V,0805,1,C49678,5V LDO输入旁路
C3,电解电容 100uF,100uF/10V,THT-5mm,1,C62932,3.3V LDO输出去耦
C4,陶瓷电容 100nF,100nF/25V,0805,1,C49678,3.3V LDO输出旁路
C5,电解电容 100uF,100uF/16V,THT-5mm,1,C62933,5V主线去耦
C6,陶瓷电容 100nF,100nF/25V,0805,1,C49678,5V主线旁路
C7,电解电容 470uF,470uF/25V,THT-8mm,1,C60183,12V断电保护大电容
C8,电解电容 100uF,100uF/25V,THT-5mm,1,C438663,12V主线去耦
C9,陶瓷电容 100nF,100nF/25V,0805,1,C49678,12V主线旁路
C10,陶瓷电容 100nF,100nF/25V,0402,1,C307331,ESP32 VDD去耦1
C11,陶瓷电容 100nF,100nF/25V,0402,1,C307331,ESP32 RTC去耦
C12,陶瓷电容 100nF,100nF/25V,0402,1,C307331,ESP32 CPU去耦
C13,陶瓷电容 10uF,10uF/10V,0805,1,C15850,ESP32 大容量并联
C14,陶瓷电容 100nF,100nF/25V,0805,1,C49678,EN延时电容
C15,陶瓷电容 100nF,100nF/25V,0805,1,C49678,12V ADC采样滤波
C16,陶瓷电容 100nF,100nF/25V,0805,1,C49678,5V ADC采样滤波
C17,陶瓷电容 100nF,100nF/25V,0805,1,C49678,3.3V ADC采样滤波
C18,陶瓷电容 100nF,100nF/25V,0402,1,C307331,74AHCT125去耦
C19,电解电容 100uF,100uF/25V,THT-5mm,1,C438663,Fan1 12V去耦
C20,电解电容 100uF,100uF/25V,THT-5mm,1,C438663,Fan2 12V去耦
C21,电解电容 100uF,100uF/25V,THT-5mm,1,C438663,Fan3 12V去耦
C22,电解电容 100uF,100uF/25V,THT-5mm,1,C438663,Fan4 12V去耦
C23,陶瓷电容 100nF,100nF/25V,0402,1,C307331,BME280去耦
C24,陶瓷电容 100nF,100nF/25V,0402,1,C307331,WS2812B去耦
C25,陶瓷电容 100nF,100nF/25V,0805,1,C49678,断电检测ADC滤波
